datetime,open,high,low,close,volume
2026-03-23T04:00:00+00:00,14517.76,14589.779999999999,14316.279999999999,14418.77,62325
2026-03-23T08:00:00+00:00,14418.77,14680.76,14365.26,14524.76,46331
2026-03-23T12:00:00+00:00,14524.76,14697.279999999999,14500.77,14542.76,62946
2026-03-23T16:00:00+00:00,14542.76,14596.27,14518.77,14560.26,26552
2026-03-23T20:00:00+00:00,14560.26,14566.279999999999,14554.76,14562.77,603
2026-03-24T00:00:00+00:00,14562.77,14562.77,14317.59,14476.59,77369.57259967706
2026-03-24T04:00:00+00:00,14476.59,14548.609999999999,14403.09,14527.609999999999,39989
2026-03-24T08:00:00+00:00,14527.609999999999,14538.609999999999,14476.1,14513.1,10115
2026-03-24T12:00:00+00:00,14513.1,14533.109999999999,14436.609999999999,14497.6,29421
2026-03-24T16:00:00+00:00,14497.6,14527.109999999999,14472.59,14490.59,16349
2026-03-24T20:00:00+00:00,14490.59,14539.6,14487.59,14523.1,2139
2026-03-25T00:00:00+00:00,14523.1,14715.23,14522.6,14649.73,59056.43044019606
2026-03-25T04:00:00+00:00,14649.73,14773.22,14648.21,14740.21,31469
2026-03-25T08:00:00+00:00,14740.21,14783.22,14730.23,14761.73,6181
2026-03-25T12:00:00+00:00,14761.73,14779.73,14713.71,14748.23,19723
2026-03-25T16:00:00+00:00,14748.23,14778.73,14737.21,14758.71,10563
2026-03-25T20:00:00+00:00,14758.71,14764.23,14755.21,14756.23,235.93459099756086
2026-03-26T00:00:00+00:00,14756.23,14810.859999999999,14707.35,14756.859999999999,46449.02843426883
2026-03-26T04:00:00+00:00,14756.859999999999,14764.859999999999,14611.35,14631.359999999999,29409
2026-03-26T08:00:00+00:00,14631.359999999999,14640.359999999999,14598.35,14600.85,5480
2026-03-26T12:00:00+00:00,14600.85,14671.359999999999,14593.85,14644.84,17028
2026-03-26T16:00:00+00:00,14644.84,14647.359999999999,14586.84,14587.35,7605
2026-03-26T20:00:00+00:00,14587.35,14620.859999999999,14579.34,14605.34,2190
2026-03-27T00:00:00+00:00,14605.34,14764.65,14559.64,14761.65,52408.64226281202
2026-03-27T04:00:00+00:00,14761.65,14801.64,14724.63,14725.15,22930
2026-03-27T08:00:00+00:00,14725.15,14731.65,14675.63,14678.14,5744
2026-03-27T12:00:00+00:00,14678.14,14689.63,14644.63,14659.63,15740
2026-03-27T16:00:00+00:00,14659.63,14661.15,14619.63,14627.64,7233
2026-03-27T20:00:00+00:00,14627.64,14628.65,14611.13,14611.64,603.9623824451411
2026-03-30T00:00:00+00:00,14611.64,14703.189999999999,14488.189999999999,14691.18,53185.84458259325
2026-03-30T04:00:00+00:00,14691.18,14698.18,14640.199999999999,14674.199999999999,22869
2026-03-30T08:00:00+00:00,14674.199999999999,14727.18,14653.18,14689.18,8308.836611195158
2026-03-30T12:00:00+00:00,14689.18,14719.67,14662.660000000002,14705.160000000002,16323
2026-03-30T16:00:00+00:00,14705.160000000002,14706.17,14644.660000000002,14672.660000000002,8201
2026-03-30T20:00:00+00:00,14672.660000000002,14674.68,14658.67,14668.67,321.0748494951274
2026-03-31T00:00:00+00:00,14668.67,14832.650000000001,14668.67,14682.67,52384.62964311726
2026-03-31T04:00:00+00:00,14682.67,14777.67,14641.650000000001,14676.660000000002,26087.253152039557
2026-03-31T08:00:00+00:00,14676.660000000002,14710.660000000002,14637.650000000001,14701.67,8885
2026-03-31T12:00:00+00:00,14701.67,14753.650000000001,14691.160000000002,14718.650000000001,16249
2026-03-31T16:00:00+00:00,14718.650000000001,14851.660000000002,14716.650000000001,14850.650000000001,22207
2026-03-31T20:00:00+00:00,14850.650000000001,14852.67,14839.650000000001,14843.660000000002,592
2026-04-01T00:00:00+00:00,14843.660000000002,14904.62,14751.6,14856.6,33404.227405018486
2026-04-01T04:00:00+00:00,14856.6,14894.62,14824.12,14826.62,14326
2026-04-01T08:00:00+00:00,14826.62,14841.1,14807.1,14833.12,4899
2026-04-01T12:00:00+00:00,14833.12,14880.62,14813.6,14875.6,15633
2026-04-01T16:00:00+00:00,14875.6,14881.61,14829.61,14842.62,6960
2026-04-01T20:00:00+00:00,14842.62,14850.62,14840.6,14846.12,239.7558212665949
2026-04-02T00:00:00+00:00,14846.12,14864.500000000002,14757.980000000001,14766.490000000002,46236.85738604123
2026-04-02T04:00:00+00:00,14766.490000000002,14767.500000000002,14670.500000000002,14762.480000000001,22016
2026-04-02T08:00:00+00:00,14762.480000000001,14764.500000000002,14732.500000000002,14734.500000000002,4225
2026-04-02T12:00:00+00:00,14734.500000000002,14892.480000000001,14724.990000000002,14797.490000000002,23607.05010168238
2026-04-02T16:00:00+00:00,14797.490000000002,14852.490000000002,14786.480000000001,14848.990000000002,8344
2026-04-02T20:00:00+00:00,14848.990000000002,14849.000000000002,14845.480000000001,14847.490000000002,192.34855483139583
2026-04-03T00:00:00+00:00,14847.490000000002,14847.990000000002,14642.29,14656.310000000001,17463.74939118884
2026-04-03T04:00:00+00:00,14656.310000000001,14666.800000000001,14578.310000000001,14581.810000000001,13604
2026-04-03T08:00:00+00:00,14581.810000000001,14607.310000000001,14573.79,14604.300000000001,1247.8319537622115
2026-04-03T12:00:00+00:00,14604.300000000001,14611.78,14482.1,14489.08,1499.420534458509
2026-04-03T16:00:00+00:00,14489.08,14522.51,14486.6,14500.1,313.0227543497498
2026-04-03T20:00:00+00:00,14500.1,14501.1,14495.59,14496.09,61
2026-04-06T00:00:00+00:00,14496.09,14534.78,14481.76,14502.77,5497.949375792838
2026-04-06T04:00:00+00:00,14502.77,14523.78,14490.76,14515.76,2477.265963384907
2026-04-06T08:00:00+00:00,14515.76,14553.28,14514.28,14530.76,3153.852384062704
2026-04-06T12:00:00+00:00,14530.76,14597.28,14520.77,14566.76,8190
2026-04-06T16:00:00+00:00,14566.76,14589.78,14545.76,14576.27,4143.156840934372
2026-04-06T20:00:00+00:00,14576.27,14578.28,14574.76,14576.78,123.95754216252939
2026-04-07T00:00:00+00:00,14576.78,14595.96,14459.95,14474.96,22357.53339725152
2026-04-07T04:00:00+00:00,14474.96,14496.46,14417.94,14442.46,13947
2026-04-07T08:00:00+00:00,14442.46,14476.94,14419.96,14433.94,8066
2026-04-07T12:00:00+00:00,14433.94,14457.95,14402.95,14417.96,11612
2026-04-07T16:00:00+00:00,14417.96,14476.96,14417.95,14472.96,10304
2026-04-07T20:00:00+00:00,14472.96,14474.96,14457.94,14460.94,500
2026-04-08T00:00:00+00:00,14460.94,14844.63,14458.94,14819.64,50926.79110383408
2026-04-08T04:00:00+00:00,14819.64,14929.63,14813.62,14882.62,26112
2026-04-08T08:00:00+00:00,14882.62,14921.64,14876.62,14918.62,6277
2026-04-08T12:00:00+00:00,14918.62,14937.62,14882.62,14913.63,20672
2026-04-08T16:00:00+00:00,14913.63,14931.64,14883.62,14915.63,9478.523905564125
2026-04-08T20:00:00+00:00,14915.63,14915.64,14898.12,14900.64,211.5574045015096
2026-04-09T00:00:00+00:00,14900.64,14904.14,14787.88,14833.89,33017.15306122449
2026-04-09T04:00:00+00:00,14833.89,14848.89,14780.9,14789.89,15098.982753926124
2026-04-09T08:00:00+00:00,14789.89,14806.9,14763.88,14798.89,3972
2026-04-09T12:00:00+00:00,14798.89,14838.9,14777.88,14836.89,10636
2026-04-09T16:00:00+00:00,14836.89,14863.9,14825.9,14856.39,6269.435131520286
2026-04-09T20:00:00+00:00,14856.39,14856.39,14848.89,14851.39,141.6613087483443
2026-04-10T00:00:00+00:00,14851.39,15038.66,14813.16,14996.17,36617.959899749374
2026-04-10T04:00:00+00:00,14996.17,15136.68,14987.66,15034.66,26360.989521245916
2026-04-10T08:00:00+00:00,15034.66,15059.68,15030.66,15049.68,3264.3333333333335
2026-04-10T12:00:00+00:00,15049.68,15088.66,15032.68,15036.67,9163.176935082227
2026-04-10T16:00:00+00:00,15036.67,15045.68,15022.66,15032.17,5014
2026-04-10T20:00:00+00:00,15032.17,15034.67,15026.67,15033.17,176.44000027003847
2026-04-13T00:00:00+00:00,15033.17,15128.03,14975.01,15081.53,35266.458796473744
2026-04-13T04:00:00+00:00,15081.53,15146.52,15078.53,15132.52,14520
2026-04-13T08:00:00+00:00,15132.52,15144.53,15100.01,15106.02,3118
2026-04-13T12:00:00+00:00,15106.02,15171.53,15094.51,15168.53,7399.916323731139
2026-04-13T16:00:00+00:00,15168.53,15204.53,15163.51,15203.51,4967.688648648649
2026-04-13T20:00:00+00:00,15203.51,15206.52,15201.01,15206.02,137.4830539137322
2026-04-14T00:00:00+00:00,15206.02,15261.19,15138.67,15228.18,30162.700644183402
2026-04-14T04:00:00+00:00,15228.18,15338.18,15151.67,15321.19,16661.491058308275
2026-04-14T08:00:00+00:00,15321.19,15363.69,15316.68,15354.17,3257
2026-04-14T12:00:00+00:00,15354.17,15393.19,15336.67,15379.69,7995
2026-04-14T16:00:00+00:00,15379.69,15401.69,15372.67,15398.19,2858.2776101921527
2026-04-14T20:00:00+00:00,15398.19,15398.69,15394.67,15395.69,157.5814164412816
2026-04-15T00:00:00+00:00,15395.69,15439.05,15353.56,15396.55,28801.594202898552
2026-04-15T04:00:00+00:00,15396.55,15407.06,15308.04,15348.06,17187
2026-04-15T08:00:00+00:00,15348.06,15359.06,15326.04,15349.06,5108.52741774676
2026-04-15T12:00:00+00:00,15349.06,15423.550000000001,15344.05,15417.550000000001,6993.438470728794
2026-04-15T16:00:00+00:00,15417.550000000001,15423.54,15404.050000000001,15408.050000000001,3973.2162752594213
2026-04-15T20:00:00+00:00,15408.050000000001,15411.54,15403.530000000002,15411.030000000002,167.25738530900588
2026-04-16T00:00:00+00:00,15411.030000000002,15529.940000000002,15367.920000000002,15500.440000000002,33305.87307547878
2026-04-16T04:00:00+00:00,15500.440000000002,15533.430000000002,15451.420000000002,15519.930000000002,17221.94656421127
2026-04-16T08:00:00+00:00,15519.930000000002,15522.440000000002,15490.420000000002,15515.920000000002,3296
2026-04-16T12:00:00+00:00,15515.920000000002,15520.440000000002,15465.420000000002,15496.430000000002,10908.923076923078
2026-04-16T16:00:00+00:00,15496.430000000002,15503.940000000002,15443.420000000002,15448.920000000002,5958.206355932203
2026-04-16T20:00:00+00:00,15448.920000000002,15449.440000000002,15442.930000000002,15449.440000000002,110.93458139116117
2026-04-17T00:00:00+00:00,15449.440000000002,15488.130000000001,15412.12,15416.630000000001,27422.814863102998
2026-04-17T04:00:00+00:00,15416.630000000001,15462.130000000001,15390.630000000001,15436.630000000001,10929.665921430853
2026-04-17T08:00:00+00:00,15436.630000000001,15445.610000000002,15423.130000000001,15438.62,2278
2026-04-17T12:00:00+00:00,15438.62,15549.630000000001,15435.130000000001,15544.610000000002,15447.762335470807
2026-04-17T16:00:00+00:00,15544.610000000002,15559.630000000001,15516.610000000002,15528.130000000001,7117
2026-04-17T20:00:00+00:00,15528.130000000001,15529.62,15522.630000000001,15523.630000000001,147.75590408328145
2026-04-20T00:00:00+00:00,15523.630000000001,15526.690000000002,15362.690000000002,15479.7,36061.50793650794
2026-04-20T04:00:00+00:00,15479.7,15522.710000000001,15454.690000000002,15495.7,16601
2026-04-20T08:00:00+00:00,15495.7,15526.710000000001,15488.690000000002,15523.7,3207.9869392390688
2026-04-20T12:00:00+00:00,15523.7,15555.7,15509.690000000002,15534.190000000002,9340
2026-04-20T16:00:00+00:00,15534.190000000002,15552.710000000001,15531.2,15545.210000000001,2855.7432781435286
2026-04-20T20:00:00+00:00,15545.210000000001,15545.210000000001,15540.690000000002,15544.2,135.19843147055394
2026-04-21T00:00:00+00:00,15544.2,15544.2,15400.7,15465.7,30347.85220627326
2026-04-21T04:00:00+00:00,15465.7,15572.710000000001,15464.7,15561.210000000001,14430.602283372831
2026-04-21T08:00:00+00:00,15561.210000000001,15572.710000000001,15545.7,15559.720000000001,2629.855194800649
2026-04-21T12:00:00+00:00,15559.720000000001,15561.720000000001,15473.210000000001,15493.710000000001,9223
2026-04-21T16:00:00+00:00,15493.710000000001,15503.7,15438.2,15447.220000000001,11027
2026-04-21T20:00:00+00:00,15447.220000000001,15476.2,15439.720000000001,15471.220000000001,767.886875343218
2026-04-22T00:00:00+00:00,15471.220000000001,15582.580000000002,15464.570000000002,15561.590000000002,28290.88104470803
2026-04-22T04:00:00+00:00,15561.590000000002,15636.590000000002,15532.570000000002,15626.090000000002,18427.848971193416
2026-04-22T08:00:00+00:00,15626.090000000002,15627.590000000002,15587.570000000002,15602.570000000002,3389
2026-04-22T12:00:00+00:00,15602.570000000002,15618.590000000002,15586.070000000002,15605.570000000002,8106
2026-04-22T16:00:00+00:00,15605.570000000002,15620.590000000002,15593.570000000002,15615.070000000002,3959.150119846492
2026-04-22T20:00:00+00:00,15615.070000000002,15618.590000000002,15611.570000000002,15614.090000000002,191.79984090843823
2026-04-23T00:00:00+00:00,15614.090000000002,15681.520000000002,15491.520000000002,15509.520000000002,46347.55985489722
2026-04-23T04:00:00+00:00,15509.520000000002,15663.54,15509.520000000002,15633.54,18246
2026-04-23T08:00:00+00:00,15633.54,15658.54,15616.520000000002,15652.530000000002,4683
2026-04-23T12:00:00+00:00,15652.530000000002,15694.54,15649.520000000002,15671.54,10060
2026-04-23T16:00:00+00:00,15671.54,15675.54,15587.520000000002,15642.04,13100
2026-04-23T20:00:00+00:00,15642.04,15642.04,15631.520000000002,15636.030000000002,156.57437218287185
2026-04-24T00:00:00+00:00,15636.030000000002,15648.080000000002,15469.580000000002,15535.590000000002,45877.729496672604
2026-04-24T04:00:00+00:00,15535.590000000002,15631.600000000002,15505.580000000002,15602.580000000002,23666
2026-04-24T08:00:00+00:00,15602.580000000002,15632.100000000002,15555.100000000002,15610.090000000002,7823
2026-04-24T12:00:00+00:00,15610.090000000002,15631.620000000003,15582.080000000002,15623.600000000002,14850.668724279836
2026-04-24T16:00:00+00:00,15623.600000000002,15632.120000000003,15609.600000000002,15628.100000000002,4662
2026-04-24T20:00:00+00:00,15628.100000000002,15629.620000000003,15624.600000000002,15629.600000000002,143.67020632081096
2026-04-27T00:00:00+00:00,15629.600000000002,15666.940000000002,15526.420000000002,15577.440000000002,47452.043132803636
2026-04-27T04:00:00+00:00,15577.440000000002,15586.940000000002,15483.420000000002,15538.430000000002,19480.78548829323
2026-04-27T08:00:00+00:00,15538.430000000002,15542.430000000002,15512.420000000002,15515.430000000002,3306
2026-04-27T12:00:00+00:00,15515.430000000002,15517.440000000002,15461.440000000002,15482.440000000002,9373.02126971469
2026-04-27T16:00:00+00:00,15482.440000000002,15484.940000000002,15469.420000000002,15482.420000000002,2312.7153231663033
2026-04-27T20:00:00+00:00,15482.420000000002,15492.440000000002,15482.420000000002,15492.430000000002,117.19333459028513
2026-04-28T00:00:00+00:00,15492.430000000002,15594.670000000002,15444.650000000001,15564.660000000002,42283.90990990991
2026-04-28T04:00:00+00:00,15564.660000000002,15590.170000000002,15483.650000000001,15533.170000000002,17615.688643609185
2026-04-28T08:00:00+00:00,15533.170000000002,15539.170000000002,15475.150000000001,15481.150000000001,5041
2026-04-28T12:00:00+00:00,15481.150000000001,15542.170000000002,15473.660000000002,15514.160000000002,11635
2026-04-28T16:00:00+00:00,15514.160000000002,15524.660000000002,15500.150000000001,15524.660000000002,3035.0327923153363
2026-04-28T20:00:00+00:00,15524.660000000002,15524.670000000002,15513.650000000001,15513.650000000001,120.21252525352133
2026-04-29T00:00:00+00:00,15513.650000000001,15572.020000000002,15451.510000000002,15537.510000000002,34055.63067292645
2026-04-29T04:00:00+00:00,15537.510000000002,15627.520000000002,15535.500000000002,15618.510000000002,17832.550543462825
2026-04-29T08:00:00+00:00,15618.510000000002,15624.520000000002,15587.500000000002,15596.010000000002,3197.5290763968073
2026-04-29T12:00:00+00:00,15596.010000000002,15598.520000000002,15524.510000000002,15543.500000000002,7957
2026-04-29T16:00:00+00:00,15543.500000000002,15553.010000000002,15526.500000000002,15546.020000000002,8027.55708201676
2026-04-29T20:00:00+00:00,15546.020000000002,15549.020000000002,15530.000000000002,15543.000000000002,624
2026-04-30T00:00:00+00:00,15543.000000000002,15652.680000000002,15515.680000000002,15577.670000000002,39207.83655977538
2026-04-30T04:00:00+00:00,15577.670000000002,15632.670000000002,15540.170000000002,15594.190000000002,13434
2026-04-30T08:00:00+00:00,15594.190000000002,15642.690000000002,15583.670000000002,15625.690000000002,5942
2026-04-30T12:00:00+00:00,15625.690000000002,15681.690000000002,15616.670000000002,15677.680000000002,10482
2026-04-30T16:00:00+00:00,15677.680000000002,15699.690000000002,15655.690000000002,15682.190000000002,4730.218390804597
2026-04-30T20:00:00+00:00,15682.190000000002,15696.170000000002,15674.180000000002,15676.680000000002,485
2026-05-01T00:00:00+00:00,15676.680000000002,15812.690000000002,15676.680000000002,15778.190000000002,4397.9565337763015
2026-05-01T04:00:00+00:00,15778.190000000002,15778.670000000002,15699.670000000002,15703.670000000002,1987.4322033898306
2026-05-01T08:00:00+00:00,15703.670000000002,15709.190000000002,15687.670000000002,15690.690000000002,1297.9372812742747
2026-05-01T12:00:00+00:00,15690.690000000002,15779.180000000002,15688.180000000002,15728.190000000002,5850.279525105832
2026-05-01T16:00:00+00:00,15728.190000000002,15728.700000000003,15702.180000000002,15710.200000000003,2876.867924528302
2026-05-01T20:00:00+00:00,15710.200000000003,15711.200000000003,15707.190000000002,15708.690000000002,188.48966730504577
2026-05-04T00:00:00+00:00,15708.690000000002,15751.700000000003,15682.680000000002,15719.190000000002,12402.16806722689
2026-05-04T04:00:00+00:00,15719.190000000002,15724.680000000002,15697.680000000002,15700.680000000002,4245.463948480667
2026-05-04T08:00:00+00:00,15700.680000000002,15710.680000000002,15616.680000000002,15677.660000000002,9123
2026-05-04T12:00:00+00:00,15677.660000000002,15700.680000000002,15642.660000000002,15658.180000000002,11318
2026-05-04T16:00:00+00:00,15658.180000000002,15666.180000000002,15625.670000000002,15645.180000000002,7418
2026-05-04T20:00:00+00:00,15645.180000000002,15647.680000000002,15641.670000000002,15644.180000000002,127.46188437988359
2026-05-05T00:00:00+00:00,15644.180000000002,15688.170000000002,15620.180000000002,15641.170000000002,8092.207746478873
2026-05-05T04:00:00+00:00,15641.170000000002,15684.170000000002,15628.160000000002,15663.680000000002,3742.2831965926653
2026-05-05T08:00:00+00:00,15663.680000000002,15688.180000000002,15661.160000000002,15681.680000000002,2906.9156994502137
2026-05-05T12:00:00+00:00,15681.680000000002,15700.180000000002,15671.160000000002,15694.670000000002,6300
2026-05-05T16:00:00+00:00,15694.670000000002,15717.180000000002,15684.160000000002,15702.660000000002,2213.1549417274673
2026-05-05T20:00:00+00:00,15702.660000000002,15710.680000000002,15702.660000000002,15708.660000000002,144.9968805671911
2026-05-06T00:00:00+00:00,15708.660000000002,15901.660000000002,15649.660000000002,15815.180000000002,50688.0716747071
2026-05-06T04:00:00+00:00,15815.180000000002,15877.180000000002,15741.180000000002,15827.180000000002,24973
2026-05-06T08:00:00+00:00,15827.180000000002,15893.180000000002,15819.180000000002,15884.180000000002,6456
2026-05-06T12:00:00+00:00,15884.180000000002,15922.170000000002,15834.170000000002,15919.670000000002,12516.107748524313
2026-05-06T16:00:00+00:00,15919.670000000002,15934.160000000002,15889.160000000002,15918.660000000002,4384
2026-05-06T20:00:00+00:00,15918.660000000002,15925.180000000002,15916.160000000002,15916.670000000002,182.04457237563997
2026-05-07T00:00:00+00:00,15916.670000000002,15917.170000000002,15720.160000000002,15777.170000000002,37909.688569472964
2026-05-07T04:00:00+00:00,15777.170000000002,15826.180000000002,15769.680000000002,15794.160000000002,16977.10044929397
2026-05-07T08:00:00+00:00,15794.160000000002,15796.180000000002,15754.160000000002,15757.170000000002,3333
2026-05-07T12:00:00+00:00,15757.170000000002,15776.660000000002,15716.670000000002,15719.180000000002,8606
2026-05-07T16:00:00+00:00,15719.180000000002,15719.660000000002,15674.160000000002,15684.680000000002,11979
2026-05-07T20:00:00+00:00,15684.680000000002,15701.170000000002,15684.680000000002,15697.660000000002,355.4418045331455
2026-05-08T00:00:00+00:00,15697.660000000002,15733.750000000002,15573.730000000001,15623.230000000001,31886.881369895258
2026-05-08T04:00:00+00:00,15623.230000000001,15679.730000000001,15614.230000000001,15648.240000000002,15409.80759989321
2026-05-08T08:00:00+00:00,15648.240000000002,15648.750000000002,15626.230000000001,15636.230000000001,3327.3335729199252
2026-05-08T12:00:00+00:00,15636.230000000001,15693.250000000002,15635.230000000001,15671.240000000002,7164.023024268824
2026-05-08T16:00:00+00:00,15671.240000000002,15688.240000000002,15665.730000000001,15677.240000000002,3130.3738710881107
2026-05-08T20:00:00+00:00,15677.240000000002,15679.750000000002,15673.240000000002,15677.750000000002,151.0302870421885
2026-05-11T00:00:00+00:00,15677.750000000002,15833.040000000003,15616.560000000001,15791.540000000003,48039.95671887881
2026-05-11T04:00:00+00:00,15791.540000000003,15936.050000000001,15763.040000000003,15886.040000000003,24881
2026-05-11T08:00:00+00:00,15886.040000000003,15907.060000000001,15876.050000000001,15901.550000000001,2982.587801019511
2026-05-11T12:00:00+00:00,15901.550000000001,15973.060000000001,15893.040000000003,15970.060000000001,6363
2026-05-11T16:00:00+00:00,15970.060000000001,15973.060000000001,15945.060000000001,15959.040000000003,3150
2026-05-11T20:00:00+00:00,15959.040000000003,15960.550000000001,15955.040000000003,15956.540000000003,163.41287396781854
2026-05-12T00:00:00+00:00,15956.540000000003,16020.820000000002,15898.810000000001,15920.800000000001,40870.82608695652
2026-05-12T04:00:00+00:00,15920.800000000001,15990.310000000001,15902.310000000001,15978.300000000001,22767.166293175917
2026-05-12T08:00:00+00:00,15978.300000000001,15988.300000000001,15964.310000000001,15982.310000000001,4471.472307692307
2026-05-12T12:00:00+00:00,15982.310000000001,16014.820000000002,15930.810000000001,15933.310000000001,10112
2026-05-12T16:00:00+00:00,15933.310000000001,15975.320000000002,15917.300000000001,15969.300000000001,4218
2026-05-12T20:00:00+00:00,15969.300000000001,15969.810000000001,15959.800000000001,15963.320000000002,152.37508078585265
2026-05-13T00:00:00+00:00,15963.320000000002,15984.070000000002,15851.050000000001,15929.060000000001,40017.65323565324
2026-05-13T04:00:00+00:00,15929.060000000001,16072.570000000002,15922.050000000001,16051.050000000001,23940.806436061226
2026-05-13T08:00:00+00:00,16051.050000000001,16062.070000000002,16000.050000000001,16014.050000000001,4074
2026-05-13T12:00:00+00:00,16014.050000000001,16136.070000000002,15980.060000000001,16107.060000000001,13230.282190429207
2026-05-13T16:00:00+00:00,16107.060000000001,16123.560000000001,16098.560000000001,16113.580000000002,5442
2026-05-13T20:00:00+00:00,16113.580000000002,16118.560000000001,16110.580000000002,16117.070000000002,173.18208260616638
2026-05-14T00:00:00+00:00,16117.070000000002,16159.730000000001,15782.730000000001,15849.220000000001,46931.94394110986
2026-05-14T04:00:00+00:00,15849.220000000001,15957.740000000002,15819.220000000001,15839.230000000001,29468
2026-05-14T08:00:00+00:00,15839.230000000001,15853.730000000001,15800.730000000001,15821.720000000001,5394
2026-05-14T12:00:00+00:00,15821.720000000001,15839.740000000002,15758.720000000001,15839.730000000001,9915.19285083848
2026-05-14T16:00:00+00:00,15839.730000000001,15862.740000000002,15824.230000000001,15850.720000000001,5788.438580102756
2026-05-14T20:00:00+00:00,15850.720000000001,15855.720000000001,15844.220000000001,15846.220000000001,220.93223085647492
2026-05-15T00:00:00+00:00,15846.220000000001,15849.620000000003,15662.610000000002,15794.110000000002,63640.995691976306
2026-05-15T04:00:00+00:00,15794.110000000002,15799.110000000002,15594.100000000002,15662.620000000003,40081
2026-05-15T08:00:00+00:00,15662.620000000003,15663.110000000002,15613.600000000002,15634.620000000003,7987
2026-05-15T12:00:00+00:00,15634.620000000003,15670.610000000002,15616.110000000002,15646.100000000002,13338.469157817946
2026-05-15T16:00:00+00:00,15646.100000000002,15672.610000000002,15640.090000000002,15647.110000000002,5480
2026-05-15T20:00:00+00:00,15647.110000000002,15649.110000000002,15640.590000000002,15641.610000000002,229
2026-05-18T00:00:00+00:00,15641.610000000002,15654.380000000001,15488.870000000003,15533.390000000001,58116.04871008479
2026-05-18T04:00:00+00:00,15533.390000000001,15559.390000000001,15432.380000000001,15532.890000000001,28543
2026-05-18T08:00:00+00:00,15532.890000000001,15585.380000000001,15514.380000000001,15558.370000000003,4997.322727272727
2026-05-18T12:00:00+00:00,15558.370000000003,15579.870000000003,15498.380000000001,15516.380000000001,16175
2026-05-18T16:00:00+00:00,15516.380000000001,15534.390000000001,15489.870000000003,15521.880000000001,9274
2026-05-18T20:00:00+00:00,15521.880000000001,15524.380000000001,15519.390000000001,15523.890000000001,173.98527855452332
2026-05-19T00:00:00+00:00,15523.890000000001,15527.640000000001,15333.660000000002,15424.670000000002,58301.386137047
2026-05-19T04:00:00+00:00,15424.670000000002,15554.680000000002,15370.150000000001,15529.180000000002,33315.3196967125
2026-05-19T08:00:00+00:00,15529.180000000002,15535.670000000002,15457.680000000002,15463.690000000002,6797
2026-05-19T12:00:00+00:00,15463.690000000002,15469.670000000002,15389.670000000002,15425.670000000002,12149
2026-05-19T16:00:00+00:00,15425.670000000002,15463.690000000002,15425.670000000002,15445.680000000002,5286
2026-05-19T20:00:00+00:00,15445.680000000002,15446.170000000002,15438.670000000002,15440.690000000002,174.40869679715973
2026-05-20T00:00:00+00:00,15440.690000000002,15602.130000000003,15436.130000000003,15483.130000000003,54647.04480759094
2026-05-20T04:00:00+00:00,15483.130000000003,15559.130000000003,15447.130000000003,15505.140000000003,27168
2026-05-20T08:00:00+00:00,15505.140000000003,15514.140000000003,15473.130000000003,15484.130000000003,3416
2026-05-20T12:00:00+00:00,15484.130000000003,15547.620000000003,15463.120000000003,15527.120000000003,11907.551228911532
2026-05-20T16:00:00+00:00,15527.120000000003,15538.120000000003,15509.120000000003,15533.140000000003,5334
2026-05-20T20:00:00+00:00,15533.140000000003,15536.120000000003,15526.120000000003,15531.120000000003,331.2657060532733
2026-05-21T00:00:00+00:00,15531.120000000003,15769.120000000003,15531.120000000003,15581.120000000003,52158.81914893617
2026-05-21T04:00:00+00:00,15581.120000000003,15626.120000000003,15257.100000000002,15287.620000000003,42274
2026-05-21T08:00:00+00:00,15287.620000000003,15330.620000000003,15270.610000000002,15315.100000000002,8656
2026-05-21T12:00:00+00:00,15315.100000000002,15390.120000000003,15311.110000000002,15384.620000000003,12422
2026-05-21T16:00:00+00:00,15384.620000000003,15442.120000000003,15381.100000000002,15420.610000000002,10284
2026-05-21T20:00:00+00:00,15420.610000000002,15427.120000000003,15420.100000000002,15420.620000000003,143.12300010871084
2026-05-22T00:00:00+00:00,15420.620000000003,15444.310000000003,15306.300000000003,15440.310000000003,50929.653241650296
2026-05-22T04:00:00+00:00,15440.310000000003,15483.320000000003,15389.300000000003,15402.300000000003,24333
2026-05-22T08:00:00+00:00,15402.300000000003,15411.310000000003,15273.800000000003,15321.820000000003,6346
2026-05-22T12:00:00+00:00,15321.820000000003,15380.310000000003,15290.310000000003,15376.320000000003,10243.1101442365
2026-05-22T16:00:00+00:00,15376.320000000003,15396.310000000003,15368.300000000003,15377.810000000003,4656.669128497179
2026-05-22T20:00:00+00:00,15377.810000000003,15377.810000000003,15369.300000000003,15370.300000000003,238.8427853206858
2026-05-25T00:00:00+00:00,15370.300000000003,15658.420000000002,15369.300000000003,15605.400000000003,40465.075492341355
2026-05-25T04:00:00+00:00,15605.400000000003,15653.910000000003,15541.900000000003,15584.910000000003,23122
2026-05-25T08:00:00+00:00,15584.910000000003,15606.920000000002,15569.900000000003,15576.420000000002,2239.9530224072028
2026-05-25T12:00:00+00:00,15576.420000000002,15625.910000000003,15574.910000000003,15619.910000000003,1995.8801834775516
2026-05-25T16:00:00+00:00,15619.910000000003,15626.420000000002,15618.410000000003,15623.920000000002,1040.7832915798458
2026-05-25T20:00:00+00:00,15623.920000000002,15626.920000000002,15619.900000000003,15619.920000000002,128.14129810735403
2026-05-26T00:00:00+00:00,15619.920000000002,15776.180000000002,15549.670000000002,15691.180000000002,68278.45514950166
2026-05-26T04:00:00+00:00,15691.180000000002,15814.170000000002,15657.660000000003,15758.170000000002,39702
2026-05-26T08:00:00+00:00,15758.170000000002,15779.180000000002,15687.660000000003,15749.680000000002,4640.010828025478
2026-05-26T12:00:00+00:00,15749.680000000002,15750.680000000002,15713.160000000003,15718.180000000002,5490.519415448852
2026-05-26T16:00:00+00:00,15718.180000000002,15728.670000000002,15709.170000000002,15728.660000000003,1726.5980381400127
2026-05-26T20:00:00+00:00,15728.660000000003,15733.660000000003,15726.170000000002,15732.660000000003,88.6104169578798
2026-05-27T00:00:00+00:00,15732.660000000003,15887.510000000002,15685.490000000003,15697.500000000002,65892.87392055268
2026-05-27T04:00:00+00:00,15697.500000000002,15778.000000000002,15660.990000000003,15728.490000000003,49781
2026-05-27T08:00:00+00:00,15728.490000000003,15749.510000000002,15696.510000000002,15710.490000000003,3000
2026-05-27T12:00:00+00:00,15710.490000000003,15748.010000000002,15705.000000000002,15720.990000000003,8213.645673076922
2026-05-27T16:00:00+00:00,15720.990000000003,15735.010000000002,15703.990000000003,15725.010000000002,1889.432774911632
2026-05-27T20:00:00+00:00,15725.010000000002,15742.490000000003,15724.990000000003,15742.490000000003,91.90202781086046
2026-05-28T00:00:00+00:00,15742.490000000003,15745.820000000003,15592.810000000003,15669.310000000003,54059.309107635694
2026-05-28T04:00:00+00:00,15669.310000000003,15841.820000000003,15592.810000000003,15802.800000000003,43796
2026-05-28T08:00:00+00:00,15802.800000000003,15816.820000000003,15752.800000000003,15760.300000000003,3953.705922396188
2026-05-28T12:00:00+00:00,15760.300000000003,15834.800000000003,15757.810000000003,15823.800000000003,8850.343003412969
2026-05-28T16:00:00+00:00,15823.800000000003,15833.800000000003,15798.310000000003,15808.810000000003,2620.8496361808266
2026-05-28T20:00:00+00:00,15808.810000000003,15820.820000000003,15808.320000000003,15818.820000000003,171.5272477959696
2026-05-29T00:00:00+00:00,15818.820000000003,15986.320000000003,15779.320000000003,15926.300000000003,76730.10639386189
2026-05-29T04:00:00+00:00,15926.300000000003,16041.820000000003,15845.300000000003,15894.810000000003,46370
2026-05-29T08:00:00+00:00,15894.810000000003,15910.310000000003,15856.310000000003,15904.800000000003,6549
2026-05-29T12:00:00+00:00,15904.800000000003,15945.320000000003,15886.300000000003,15937.820000000003,8111.9193962590525
2026-05-29T16:00:00+00:00,15937.820000000003,15938.840000000004,15899.330000000004,15901.340000000004,3164.43006112909
2026-05-29T20:00:00+00:00,15901.340000000004,15919.330000000004,15900.340000000004,15919.320000000003,311.68117613346476
2026-06-01T00:00:00+00:00,15919.320000000003,15974.330000000004,15679.320000000003,15756.330000000004,85277.94570135747
2026-06-01T04:00:00+00:00,15756.330000000004,15840.340000000004,15665.320000000003,15685.320000000003,40998
2026-06-01T08:00:00+00:00,15685.320000000003,15690.340000000004,15634.830000000004,15686.820000000003,5380
2026-06-01T12:00:00+00:00,15686.820000000003,15687.340000000004,15615.330000000004,15646.340000000004,15553
2026-06-01T16:00:00+00:00,15646.340000000004,15682.830000000004,15633.320000000003,15662.820000000003,5286.601107289833
2026-06-01T20:00:00+00:00,15662.820000000003,15669.340000000004,15662.340000000004,15665.820000000003,248.80804325784703
2026-06-02T00:00:00+00:00,15665.820000000003,15944.320000000003,15618.830000000004,15926.820000000003,82822.9754601227
2026-06-02T04:00:00+00:00,15926.820000000003,16091.330000000004,15913.320000000003,16040.320000000003,43798
2026-06-02T08:00:00+00:00,16040.320000000003,16049.840000000004,16017.330000000004,16028.340000000004,4204.887900355872
2026-06-02T12:00:00+00:00,16028.340000000004,16061.340000000004,16008.320000000003,16052.330000000004,8600.566560170395
2026-06-02T16:00:00+00:00,16052.330000000004,16054.320000000003,16018.340000000004,16033.77,3228.553385826772
2026-06-02T20:00:00+00:00,16033.77,16033.78,16026.26,16028.27,166.1659931406552
2026-06-03T00:00:00+00:00,16028.27,16267.28,15971.76,16242.77,72688.93671720501
2026-06-03T04:00:00+00:00,16242.77,16268.28,16010.26,16108.27,55647
2026-06-03T08:00:00+00:00,16108.27,16110.27,16069.78,16092.27,4929.310616816532
2026-06-03T12:00:00+00:00,16092.27,16094.28,16048.28,16058.77,8554.580230196345
2026-06-03T16:00:00+00:00,16058.77,16063.26,16045.27,16057.25,3428.5180415786836
2026-06-03T20:00:00+00:00,16057.25,16059.75,16048.25,16051.75,180.65290987765965
2026-06-04T00:00:00+00:00,16051.75,16052.25,15864.26,15881.76,69372.20375483159
2026-06-04T04:00:00+00:00,15881.76,15895.27,15789.26,15818.25,35154
2026-06-04T08:00:00+00:00,15818.25,15821.76,15775.26,15810.26,6744
2026-06-04T12:00:00+00:00,15810.26,15833.27,15795.77,15816.26,8425
2026-06-04T16:00:00+00:00,15816.26,15835.27,15813.25,15828.76,2999.8219430292343
2026-06-04T20:00:00+00:00,15828.76,15829.27,15825.25,15827.25,143.5883114063516
2026-06-05T00:00:00+00:00,15827.25,15899.27,15691.76,15779.26,85375.1741409435
2026-06-05T04:00:00+00:00,15779.26,15798.27,15473.26,15498.25,57925
2026-06-05T08:00:00+00:00,15498.25,15537.27,15487.26,15528.27,5050
2026-06-05T12:00:00+00:00,15528.27,15535.76,15452.75,15455.77,12760.339982653946
2026-06-05T16:00:00+00:00,15455.77,15455.77,15369.27,15403.77,12551
2026-06-05T20:00:00+00:00,15403.77,15410.27,15347.26,15361.28,959
2026-06-08T00:00:00+00:00,15361.28,15440.28,15244.77,15355.77,73869.554915791
2026-06-08T04:00:00+00:00,15355.77,15361.78,15155.26,15291.27,52722
2026-06-08T08:00:00+00:00,15291.27,15315.78,15256.76,15300.26,9737
2026-06-08T12:00:00+00:00,15300.26,15327.78,15284.76,15309.76,11377
2026-06-08T16:00:00+00:00,15309.76,15322.78,15293.26,15298.27,6150
2026-06-08T20:00:00+00:00,15298.27,15304.78,15298.27,15301.76,185.4
2026-06-09T00:00:00+00:00,15301.76,15314.38,15175.39,15252.39,64137.81508288583
2026-06-09T04:00:00+00:00,15252.39,15412.88,15244.39,15370.37,37868
2026-06-09T08:00:00+00:00,15370.37,15473.89,15366.38,15449.89,7583
2026-06-09T12:00:00+00:00,15449.89,15484.88,15322.87,15322.88,17704
2026-06-09T16:00:00+00:00,15322.88,15367.89,15248.89,15365.38,27758
2026-06-09T20:00:00+00:00,15365.38,15373.39,15362.38,15369.87,277.09652612039247
2026-06-10T00:00:00+00:00,15369.87,15399.55,15237.53,15320.04,59151.74917862701
2026-06-10T04:00:00+00:00,15320.04,15329.04,15217.53,15309.04,39092
2026-06-10T08:00:00+00:00,15309.04,15309.55,15247.53,15273.55,10960
2026-06-10T12:00:00+00:00,15273.55,15374.55,15271.53,15333.04,23199
2026-06-10T16:00:00+00:00,15333.04,15339.55,15270.54,15282.05,17204.52713006962
2026-06-10T20:00:00+00:00,15282.05,15283.55,15253.05,15261.05,818.8648620151213
2026-06-11T00:00:00+00:00,15261.05,15383.58,15177.09,15243.59,43487.993947175346
2026-06-11T04:00:00+00:00,15243.59,15295.59,15153.09,15267.57,41089
2026-06-11T08:00:00+00:00,15267.57,15281.08,15248.58,15272.59,3894
2026-06-11T12:00:00+00:00,15272.59,15314.58,15224.57,15290.09,17863
2026-06-11T16:00:00+00:00,15290.09,15404.59,15261.58,15393.07,19739
2026-06-11T20:00:00+00:00,15393.07,15401.57,15390.57,15391.57,311.6147815191946
2026-06-12T00:00:00+00:00,15391.57,15577.81,15293.29,15550.81,55481.05633354551
2026-06-12T04:00:00+00:00,15550.81,15704.81,15526.29,15616.3,33547
2026-06-12T08:00:00+00:00,15616.3,15665.81,15604.79,15633.29,5511
2026-06-12T12:00:00+00:00,15633.29,15661.8,15604.8,15617.79,13366.941674426478
2026-06-12T16:00:00+00:00,15617.79,15649.78,15609.78,15635.78,6861
2026-06-12T20:00:00+00:00,15635.78,15639.770000000002,15632.29,15635.770000000002,180.19317612128336
2026-06-15T00:00:00+00:00,15635.770000000002,15820.44,15633.270000000002,15748.44,57939.44408759124
2026-06-15T04:00:00+00:00,15748.44,15844.420000000002,15704.430000000002,15819.930000000002,25940
2026-06-15T08:00:00+00:00,15819.930000000002,15853.430000000002,15817.420000000002,15850.430000000002,3326.7778092272856
2026-06-15T12:00:00+00:00,15850.430000000002,15864.94,15830.44,15851.44,5831.825966850829
2026-06-15T16:00:00+00:00,15851.44,15853.44,15832.920000000002,15844.430000000002,2456.5396728980436
2026-06-15T20:00:00+00:00,15844.430000000002,15847.44,15836.44,15839.94,135.09388331043573
2026-06-16T00:00:00+00:00,15839.94,15870.510000000002,15735.490000000002,15781.010000000002,35478.89595050619
2026-06-16T04:00:00+00:00,15781.010000000002,15802.010000000002,15689.010000000002,15721.000000000002,24014.803131777993
2026-06-16T08:00:00+00:00,15721.000000000002,15735.000000000002,15705.990000000002,15708.000000000002,1967.0162495616992
2026-06-16T12:00:00+00:00,15708.000000000002,15741.010000000002,15690.990000000002,15703.990000000002,5418.459061314827
2026-06-16T16:00:00+00:00,15703.990000000002,15713.010000000002,15690.000000000002,15697.510000000002,2957.5359265262023
2026-06-16T20:00:00+00:00,15697.510000000002,15698.010000000002,15691.990000000002,15694.990000000002,115.50732828853432
2026-06-17T00:00:00+00:00,15694.990000000002,15710.050000000001,15566.03,15600.54,42583.650760356584
2026-06-17T04:00:00+00:00,15600.54,15684.03,15546.03,15662.04,24257
2026-06-17T08:00:00+00:00,15662.04,15669.050000000001,15633.050000000001,15636.03,2540.5411151074727
2026-06-17T12:00:00+00:00,15636.03,15669.04,15635.03,15653.03,6107.052731762881
2026-06-17T16:00:00+00:00,15653.03,15659.04,15544.03,15558.550000000001,15882.342298021209
2026-06-17T20:00:00+00:00,15558.550000000001,15580.53,15553.53,15577.54,318
2026-06-18T00:00:00+00:00,15577.54,15827.300000000001,15577.54,15718.79,58328.82268380723
2026-06-18T04:00:00+00:00,15718.79,15824.800000000001,15688.810000000001,15797.300000000001,37973.048102271496
2026-06-18T08:00:00+00:00,15797.300000000001,15826.300000000001,15756.79,15764.29,3680.756267207651
2026-06-18T12:00:00+00:00,15764.29,15810.29,15757.29,15780.300000000001,7225
2026-06-18T16:00:00+00:00,15780.300000000001,15797.310000000001,15762.79,15787.310000000001,2750
2026-06-18T20:00:00+00:00,15787.310000000001,15790.810000000001,15776.800000000001,15776.800000000001,281.97546340668293
2026-06-19T00:00:00+00:00,15776.800000000001,15790.180000000002,15718.19,15748.19,5745.994255874673
2026-06-19T04:00:00+00:00,15748.19,15796.180000000002,15717.680000000002,15776.680000000002,4281
2026-06-19T08:00:00+00:00,15776.680000000002,15792.19,15758.670000000002,15764.170000000002,1888.8117081655255
2026-06-19T12:00:00+00:00,15764.170000000002,15795.180000000002,15756.170000000002,15775.160000000002,1673.0598237189984
2026-06-19T16:00:00+00:00,15775.160000000002,15790.68,15773.68,15775.170000000002,748.002443331709
2026-06-19T20:00:00+00:00,15775.170000000002,15777.18,15775.170000000002,15777.160000000002,105.95193592756226
2026-06-22T00:00:00+00:00,15777.160000000002,15848.86,15622.340000000002,15803.35,85052.5744680851
2026-06-22T04:00:00+00:00,15803.35,16078.35,15781.36,16034.36,52038.37234703845
2026-06-22T08:00:00+00:00,16034.36,16085.36,16031.85,16056.340000000002,4271
2026-06-22T12:00:00+00:00,16056.340000000002,16107.35,16037.36,16058.35,9866
2026-06-22T16:00:00+00:00,16058.35,16068.840000000002,16048.340000000002,16062.85,4434
2026-06-22T20:00:00+00:00,16062.85,16067.35,16049.85,16051.340000000002,187.35424204301896
2026-06-23T00:00:00+00:00,16051.340000000002,16114.62,15773.630000000001,15816.61,72502.75679758308
2026-06-23T04:00:00+00:00,15816.61,15818.12,15483.11,15547.12,50290
2026-06-23T08:00:00+00:00,15547.12,15602.630000000001,15525.11,15594.630000000001,6908
2026-06-23T12:00:00+00:00,15594.630000000001,15642.12,15577.61,15622.630000000001,11481
2026-06-23T16:00:00+00:00,15622.630000000001,15634.630000000001,15590.130000000001,15590.130000000001,5521
2026-06-23T20:00:00+00:00,15590.130000000001,15607.630000000001,15588.12,15606.62,163.31279556527082
2026-06-24T00:00:00+00:00,15606.62,15652.830000000002,15514.810000000001,15592.330000000002,79962.00531914894
2026-06-24T04:00:00+00:00,15592.330000000002,15647.830000000002,15549.820000000002,15605.820000000002,46415
2026-06-24T08:00:00+00:00,15605.820000000002,15619.830000000002,15565.810000000001,15585.810000000001,5263
2026-06-24T12:00:00+00:00,15585.810000000001,15593.830000000002,15535.810000000001,15575.810000000001,11354
2026-06-24T16:00:00+00:00,15575.810000000001,15581.310000000001,15523.810000000001,15547.810000000001,9679.750615139674
2026-06-24T20:00:00+00:00,15547.810000000001,15611.320000000002,15545.810000000001,15607.800000000001,572
2026-06-25T00:00:00+00:00,15607.800000000001,15922.61,15554.61,15858.11,101328.78225806452
2026-06-25T04:00:00+00:00,15858.11,15915.11,15748.6,15899.6,47215
2026-06-25T08:00:00+00:00,15899.6,15913.61,15887.59,15903.61,3404
2026-06-25T12:00:00+00:00,15903.61,15930.6,15824.59,15858.6,19609
2026-06-25T16:00:00+00:00,15858.6,15882.1,15835.61,15856.1,9959
2026-06-25T20:00:00+00:00,15856.1,15873.1,15854.6,15866.09,277.91488712662414
2026-06-26T00:00:00+00:00,15866.09,15866.09,15233.52,15307.54,94187.01519851116
2026-06-26T04:00:00+00:00,15307.54,15435.54,15244.03,15329.54,62455
2026-06-26T08:00:00+00:00,15329.54,15356.04,15252.03,15320.04,7244
2026-06-26T12:00:00+00:00,15320.04,15469.04,15316.03,15458.54,17284.785972150592
2026-06-26T16:00:00+00:00,15458.54,15461.04,15412.03,15428.53,7337
2026-06-26T20:00:00+00:00,15428.53,15440.53,15424.52,15430.04,377.9119827809898
2026-06-29T00:00:00+00:00,15430.04,15431.04,15119.01,15271.000000000002,103817.6665060241
2026-06-29T04:00:00+00:00,15271.000000000002,15486.51,15195.500000000002,15437.500000000002,53377
2026-06-29T08:00:00+00:00,15437.500000000002,15452.51,15392.490000000002,15424.000000000002,4766
2026-06-29T12:00:00+00:00,15424.000000000002,15435.51,15363.51,15435.01,14603
2026-06-29T16:00:00+00:00,15435.01,15484.51,15434.490000000002,15477.000000000002,3648.8725195429947
2026-06-29T20:00:00+00:00,15477.000000000002,15481.500000000002,15473.490000000002,15475.51,150.2666185548875
2026-06-30T00:00:00+00:00,15475.51,15616.43,15361.93,15580.93,69582.82479552303
2026-06-30T04:00:00+00:00,15580.93,15602.43,15507.410000000002,15582.92,44147.9704277102
2026-06-30T08:00:00+00:00,15582.92,15607.92,15567.93,15595.93,3394.014783074451
2026-06-30T12:00:00+00:00,15595.93,15634.93,15582.910000000002,15623.93,7261
2026-06-30T16:00:00+00:00,15623.93,15638.410000000002,15622.92,15628.43,2292.389400921659
2026-06-30T20:00:00+00:00,15628.43,15629.93,15615.910000000002,15616.42,153.4437350359138
2026-07-01T00:00:00+00:00,15616.42,15630.92,15404.910000000002,15517.900000000001,49568.015525758645
2026-07-01T04:00:00+00:00,15517.900000000001,15524.42,15256.900000000001,15323.910000000002,31329
2026-07-01T08:00:00+00:00,15323.910000000002,15337.910000000002,15303.900000000001,15322.42,2187.191811681136
2026-07-01T12:00:00+00:00,15322.42,15406.400000000001,15292.900000000001,15398.900000000001,7008
2026-07-01T16:00:00+00:00,15398.900000000001,15405.92,15373.92,15383.42,3130.6069696705063
2026-07-01T20:00:00+00:00,15383.42,15383.42,15374.93,15378.93,182.3808369619381
2026-07-02T00:00:00+00:00,15378.93,15379.9,14904.39,14969.4,92322.77149681529
2026-07-02T04:00:00+00:00,14969.4,14992.9,14762.9,14812.89,49291
2026-07-02T08:00:00+00:00,14812.89,14832.91,14753.89,14822.4,4546
2026-07-02T12:00:00+00:00,14822.4,14913.89,14794.39,14799.89,17052
2026-07-02T16:00:00+00:00,14799.89,14813.39,14734.89,14811.9,10302
2026-07-02T20:00:00+00:00,14811.9,14840.41,14809.39,14825.41,268.2272230768326
2026-07-03T00:00:00+00:00,14825.41,15123.32,14754.81,15086.81,76206.61753703427
2026-07-03T04:00:00+00:00,15086.81,15150.82,14977.3,14988.31,42823.60471794872
2026-07-03T08:00:00+00:00,14988.31,15007.31,14973.8,14984.8,2395.9872973406973
2026-07-03T12:00:00+00:00,14984.8,15007.82,14982.3,14992.82,1369.5883710774708
2026-07-03T16:00:00+00:00,14992.82,15001.82,14980.8,14984.3,760.0393059581027
2026-07-03T20:00:00+00:00,14984.3,14990.32,14980.3,14987.31,1453.695141091273
2026-07-06T00:00:00+00:00,14987.31,15113.83,14887.33,15076.84,86536.61800588977
2026-07-06T04:00:00+00:00,15076.84,15090.34,14999.84,15029.33,34908
2026-07-06T08:00:00+00:00,15029.33,15039.84,14993.82,15008.83,3450
2026-07-06T12:00:00+00:00,15008.83,15045.84,14992.34,15038.32,6024
2026-07-06T16:00:00+00:00,15038.32,15048.84,15030.82,15048.33,2170.538796207207
2026-07-06T20:00:00+00:00,15048.33,15048.33,15043.82,15043.82,108.5703818768261
2026-07-07T00:00:00+00:00,15043.82,15092.96,14946.449999999999,14981.949999999999,62609.732923076925
2026-07-07T04:00:00+00:00,14981.949999999999,15032.96,14845.939999999999,14970.96,46772
2026-07-07T08:00:00+00:00,14970.96,14990.939999999999,14955.949999999999,14977.449999999999,3030
2026-07-07T12:00:00+00:00,14977.449999999999,15014.96,14920.939999999999,14938.939999999999,11281
2026-07-07T16:00:00+00:00,14938.939999999999,14984.96,14937.949999999999,14971.939999999999,4988
2026-07-07T20:00:00+00:00,14971.939999999999,14973.46,14962.439999999999,14962.449999999999,189.49264454327746
2026-07-08T00:00:00+00:00,14962.449999999999,15208.25,14960.25,15175.76,69304.91269199677
2026-07-08T04:00:00+00:00,15175.76,15175.76,14936.24,14976.24,42011
2026-07-08T08:00:00+00:00,14976.24,14981.75,14853.26,14913.25,10299
2026-07-08T12:00:00+00:00,14913.25,14964.26,14878.26,14884.25,14725
2026-07-08T16:00:00+00:00,14884.25,14962.26,14884.25,14959.77,7898.185166434629
2026-07-08T20:00:00+00:00,14959.77,14959.77,14937.25,14941.26,252.52244897959184
2026-07-09T00:00:00+00:00,14941.26,15112.46,14941.26,15045.47,64492.796590378326
2026-07-09T04:00:00+00:00,15045.47,15417.97,15031.949999999999,15372.949999999999,55506
2026-07-09T08:00:00+00:00,15372.949999999999,15389.47,15349.46,15383.47,4196
2026-07-09T12:00:00+00:00,15383.47,15426.47,15381.949999999999,15415.46,8261
2026-07-09T16:00:00+00:00,15415.46,15423.46,15397.449999999999,15420.97,2444.154395815254
2026-07-09T20:00:00+00:00,15420.97,15420.97,15410.449999999999,15415.47,167.06325662520965
2026-07-10T00:00:00+00:00,15415.47,15470.449999999999,15349.949999999999,15401.949999999999,68777.65995260663
2026-07-10T04:00:00+00:00,15401.949999999999,15411.96,15004.94,15020.94,50250.146087283225
2026-07-10T08:00:00+00:00,15020.94,15049.44,14997.96,15040.46,3391.1755797034607
2026-07-10T12:00:00+00:00,15040.46,15063.96,15024.46,15059.46,11193.851830331203
2026-07-10T16:00:00+00:00,15059.46,15075.46,15059.44,15074.96,2490.7016584031458
2026-07-10T20:00:00+00:00,15074.96,15075.96,15069.44,15073.449999999999,118.37539664035955
2026-07-13T00:00:00+00:00,15073.449999999999,15130.73,14948.72,14964.21,96195.06077348065
2026-07-13T04:00:00+00:00,14964.21,14995.73,14797.22,14863.71,81998
2026-07-13T08:00:00+00:00,14863.71,14878.23,14846.23,14872.22,4775.026448362721
2026-07-13T12:00:00+00:00,14872.22,14896.23,14848.71,14872.22,11243
2026-07-13T16:00:00+00:00,14872.22,14877.23,14841.72,14853.72,6485
2026-07-13T20:00:00+00:00,14853.72,14853.73,14843.71,14847.72,215.59066539835615
2026-07-14T00:00:00+00:00,14847.72,14979.47,14737.47,14829.98,93887.788005997
2026-07-14T04:00:00+00:00,14829.98,15164.97,14813.49,15132.48,81011
2026-07-14T08:00:00+00:00,15132.48,15167.47,15124.47,15163.99,5380.43545183714
2026-07-14T12:00:00+00:00,15163.99,15233.49,15144.47,15198.47,16162
2026-07-14T16:00:00+00:00,15198.47,15220.98,15190.47,15219.47,4272.092877109834
2026-07-14T20:00:00+00:00,15219.47,15219.47,15206.48,15207.99,177.40250909018226
2026-07-15T00:00:00+00:00,15207.99,15404.05,15099.53,15290.039999999999,73805.67934782608
2026-07-15T04:00:00+00:00,15290.039999999999,15391.53,15246.53,15295.039999999999,44192.572788297766
2026-07-15T08:00:00+00:00,15295.039999999999,15304.05,15266.539999999999,15275.05,2936.9680881107033
2026-07-15T12:00:00+00:00,15275.05,15329.53,15266.53,15295.039999999999,10127.59784801614
2026-07-15T16:00:00+00:00,15295.039999999999,15321.539999999999,15258.039999999999,15309.05,4875.399159663865
2026-07-15T20:00:00+00:00,15309.05,15310.039999999999,15300.05,15303.039999999999,157.97625885414598
2026-07-16T00:00:00+00:00,15303.039999999999,15303.039999999999,15095.89,15160.89,70087.96608391608
2026-07-16T04:00:00+00:00,15160.89,15171.9,14879.89,14944.89,46283
2026-07-16T08:00:00+00:00,14944.89,14951.89,14914.39,14938.9,4945
2026-07-16T12:00:00+00:00,14938.9,14959.39,14907.89,14940.89,8201
2026-07-16T16:00:00+00:00,14940.89,14940.89,14875.91,14897.41,5048
2026-07-16T20:00:00+00:00,14897.41,14898.91,14893.91,14897.89,155.64314679643147
2026-07-17T00:00:00+00:00,14897.89,14914.949999999999,14462.949999999999,14543.43,87275.2367092367
2026-07-17T04:00:00+00:00,14543.43,14598.949999999999,14347.43,14421.449999999999,76406
2026-07-17T08:00:00+00:00,14421.449999999999,14451.949999999999,14388.43,14443.949999999999,4970
2026-07-17T12:00:00+00:00,14443.949999999999,14494.949999999999,14417.949999999999,14491.949999999999,10816
2026-07-17T16:00:00+00:00,14491.949999999999,14512.449999999999,14483.93,14501.44,5242.828326180257
2026-07-17T20:00:00+00:00,14501.44,14503.949999999999,14479.93,14485.43,273.6507772020725
2026-07-20T00:00:00+00:00,14485.43,14860.43,14463.42,14805.91,96958.14659400545
2026-07-20T04:00:00+00:00,14805.91,14854.42,14581.93,14800.92,91736
2026-07-20T08:00:00+00:00,14800.92,14828.93,14774.42,14802.92,5577
2026-07-20T12:00:00+00:00,14802.92,14866.91,14780.91,14863.91,9062
2026-07-20T16:00:00+00:00,14863.91,14866.93,14803.92,14807.41,6225
2026-07-20T20:00:00+00:00,14807.41,14811.92,14800.91,14802.42,144.8968950331779
2026-07-21T00:00:00+00:00,14802.42,15072.43,14802.42,15036.92,102168.61978221415
2026-07-21T04:00:00+00:00,15036.92,15188.93,14999.41,15139.93,45478
2026-07-21T08:00:00+00:00,15139.93,15152.91,15112.43,15117.93,3897
2026-07-21T12:00:00+00:00,15117.93,15163.43,15105.43,15152.93,7646
2026-07-21T16:00:00+00:00,15152.93,15167.41,15151.41,15165.93,2011.050524377999
2026-07-21T20:00:00+00:00,15165.93,15166.42,15148.41,15159.42,161.48883411849124
2026-07-22T00:00:00+00:00,15159.42,15332.47,15106.45,15284.95,62895.077616077615
2026-07-22T04:00:00+00:00,15284.95,15305.47,15087.45,15125.45,46444.596113664855
2026-07-22T08:00:00+00:00,15125.45,15173.47,15112.45,15142.97,4357.7342342342345
2026-07-22T12:00:00+00:00,15142.97,15191.47,15120.95,15191.45,5577
2026-07-22T16:00:00+00:00,15191.45,15195.45,15172.97,15174.96,2174.771258080557
2026-07-22T20:00:00+00:00,15174.96,15186.97,15171.45,15181.95,898
2026-07-23T00:00:00+00:00,15181.95,15239.66,15125.67,15184.17,62542.12724879333
2026-07-23T04:00:00+00:00,15184.17,15260.18,15166.67,15205.68,33266
2026-07-23T08:00:00+00:00,15205.68,15222.68,15179.66,15199.66,3704
2026-07-23T12:00:00+00:00,15199.66,15200.17,15111.16,15125.67,12140
2026-07-23T16:00:00+00:00,15125.67,15148.68,15119.67,15135.68,4974
2026-07-23T20:00:00+00:00,15135.68,15148.68,15135.67,15145.16,379.66309012875536
2026-07-24T00:00:00+00:00,15145.16,15195.36,15071.85,15102.35,55239.95360262009
2026-07-24T04:00:00+00:00,15102.35,15176.36,14969.36,15024.85,38694
2026-07-24T08:00:00+00:00,15024.85,15065.85,15005.86,15058.36,3093.8382234026217
2026-07-24T12:00:00+00:00,15058.36,15075.87,15013.85,15072.87,10011.29124668435
2026-07-24T16:00:00+00:00,15072.87,15078.87,15005.85,15021.87,5301
2026-07-24T20:00:00+00:00,15021.87,15022.87,15016.86,15022.36,149.066203322918
2026-07-27T00:00:00+00:00,15022.36,15124.2,14991.18,15088.69,34848.00539772728
2026-07-27T04:00:00+00:00,15088.69,15231.7,15057.18,15198.2,18413
2026-07-27T08:00:00+00:00,15198.2,15207.7,15177.18,15185.2,2368.5514109633473
2026-07-27T12:00:00+00:00,15185.2,15205.2,15147.18,15172.2,7315.86630179828
2026-07-27T16:00:00+00:00,15172.2,15192.2,15152.18,15190.19,6695
2026-07-27T20:00:00+00:00,15190.19,15194.7,15185.18,15193.69,143.4516954519251
2026-07-28T00:00:00+00:00,15193.69,15193.69,14761.210000000001,14892.72,66885.9475760992
2026-07-28T04:00:00+00:00,14892.72,14902.210000000001,14717.23,14794.210000000001,46093
2026-07-28T08:00:00+00:00,14794.210000000001,14822.73,14777.72,14800.73,4186
2026-07-28T12:00:00+00:00,14800.73,14859.22,14771.210000000001,14856.72,10474
2026-07-28T16:00:00+00:00,14856.72,14860.23,14826.22,14832.210000000001,3690
2026-07-28T20:00:00+00:00,14832.210000000001,14839.23,14825.210000000001,14834.72,206.0836090289947
2026-07-29T00:00:00+00:00,14834.72,14859.65,14636.14,14735.14,75559.86801649793
2026-07-29T04:00:00+00:00,14735.14,14939.130000000001,14688.130000000001,14890.15,49076
2026-07-29T08:00:00+00:00,14890.15,14893.15,14842.130000000001,14871.14,3595
2026-07-29T12:00:00+00:00,14871.14,14872.64,14784.130000000001,14797.15,10092
2026-07-29T16:00:00+00:00,14797.15,14917.15,14770.130000000001,14780.14,16375.991473033468
2026-07-29T20:00:00+00:00,14780.14,14790.15,14764.130000000001,14787.64,2084
2026-07-30T00:00:00+00:00,14787.64,14836.52,14518.51,14554.51,68383.97196796339
2026-07-30T04:00:00+00:00,14554.51,14820.51,14454.52,14731.51,78506
2026-07-30T08:00:00+00:00,14731.51,14773.54,14729.03,14758.53,4655
2026-07-30T12:00:00+00:00,14758.53,14877.53,14753.54,14871.54,11633
2026-07-30T16:00:00+00:00,14871.54,14913.52,14869.52,14912.02,3823.3653250773996
2026-07-30T20:00:00+00:00,14912.02,14932.04,14912.02,14920.52,864
2026-07-31T00:00:00+00:00,14920.52,15061.03,14795.550000000001,14841.050000000001,63669.99475341028
2026-07-31T04:00:00+00:00,14841.050000000001,14907.050000000001,14805.03,14851.53,30989
2026-07-31T08:00:00+00:00,14851.53,14872.03,14830.03,14857.050000000001,4732
2026-07-31T12:00:00+00:00,14857.050000000001,14865.04,14770.050000000001,14806.03,13502
2026-07-31T16:00:00+00:00,14806.03,14837.550000000001,14782.03,14828.050000000001,5569
2026-07-31T20:00:00+00:00,14828.050000000001,14828.53,14811.03,14819.03,415
2026-08-03T00:00:00+00:00,14819.03,14841.7,14608.7,14699.19,54474.16978809317
2026-08-03T04:00:00+00:00,14699.19,14719.7,14617.68,14665.68,23331.573387872955
2026-08-03T08:00:00+00:00,14665.68,14669.7,14651.68,14654.19,3139
2026-08-03T12:00:00+00:00,14654.19,14688.2,14630.68,14686.7,6330
2026-08-03T16:00:00+00:00,14686.7,14714.7,14684.19,14707.2,2182
2026-08-03T20:00:00+00:00,14707.2,14722.68,14706.68,14719.2,219.88611462793693
2026-08-04T00:00:00+00:00,14719.2,14756.7,14651.2,14720.19,45012.88758782201
2026-08-04T04:00:00+00:00,14720.19,14845.2,14697.69,14787.68,25137
2026-08-04T08:00:00+00:00,14787.68,14802.69,14717.19,14721.2,4351
2026-08-04T12:00:00+00:00,14721.2,14775.2,14696.18,14771.68,4633.548548548549
2026-08-04T16:00:00+00:00,14771.68,14812.2,14771.19,14800.2,2570
2026-08-04T20:00:00+00:00,14800.2,14805.2,14788.68,14795.7,537
2026-08-05T00:00:00+00:00,14795.7,14874.19,14594.19,14855.7,55332.5352614897
2026-08-05T04:00:00+00:00,14855.7,15026.7,14840.68,14920.19,36201
2026-08-05T08:00:00+00:00,14920.19,14927.18,14883.19,14910.18,2826.9991507972786
2026-08-05T12:00:00+00:00,14910.18,14921.2,14879.18,14881.2,6636.474829086389
2026-08-05T16:00:00+00:00,14881.2,14895.2,14871.7,14872.19,3516
2026-08-05T20:00:00+00:00,14872.19,14875.18,14853.18,14865.7,539
2026-08-06T00:00:00+00:00,14865.7,14979.7,14756.19,14886.18,50557.85866013072
2026-08-06T04:00:00+00:00,14886.18,14944.2,14848.18,14938.68,24245.409050576753
2026-08-06T08:00:00+00:00,14938.68,14961.7,14932.68,14938.7,2698.5062836624775
2026-08-06T12:00:00+00:00,14938.7,14974.2,14928.68,14945.19,6118
2026-08-06T16:00:00+00:00,14945.19,14963.7,14931.68,14954.7,4201
2026-08-06T20:00:00+00:00,14954.7,14958.68,14950.2,14950.69,229.89597834493426
2026-08-07T00:00:00+00:00,14950.69,15103.19,14912.19,15041.19,44154.65441819772
2026-08-07T04:00:00+00:00,15041.19,15086.7,14964.7,15042.69,28270
2026-08-07T08:00:00+00:00,15042.69,15064.7,15040.7,15060.69,2564.1874349215814
2026-08-07T12:00:00+00:00,15060.69,15104.19,15059.68,15094.18,7679
2026-08-07T16:00:00+00:00,15094.18,15098.7,15068.18,15090.18,2783.4827690653838
2026-08-07T20:00:00+00:00,15090.18,15090.2,15084.2,15084.68,128.61922964662193
2026-08-10T00:00:00+00:00,15084.68,15103.050000000001,14943.54,14951.53,43249.47301228498
2026-08-10T04:00:00+00:00,14951.53,15039.54,14921.03,15037.53,22252.194357461856
2026-08-10T08:00:00+00:00,15037.53,15038.550000000001,15005.050000000001,15010.550000000001,2461.6923911692925
2026-08-10T12:00:00+00:00,15010.550000000001,15015.550000000001,14981.53,15014.53,4549.1624500665785
2026-08-10T16:00:00+00:00,15014.53,15020.54,14991.53,14994.550000000001,2136.237506483176
2026-08-10T20:00:00+00:00,14994.550000000001,14998.550000000001,14991.54,14994.03,125.68355045902558
2026-08-11T00:00:00+00:00,14994.03,15047.69,14911.68,15021.69,44979.14050303556
2026-08-11T04:00:00+00:00,15021.69,15041.69,14917.68,14927.7,21673.11375481532
2026-08-11T08:00:00+00:00,14927.7,14948.7,14908.68,14932.2,3201.9534388063976
2026-08-11T12:00:00+00:00,14932.2,14937.69,14906.7,14914.69,4772.943146273928
2026-08-11T16:00:00+00:00,14914.69,14918.7,14897.68,14909.2,2311.3529930692403
2026-08-11T20:00:00+00:00,14909.2,14915.7,14906.68,14914.68,125.08460616428208
2026-08-12T00:00:00+00:00,14914.68,15019,14878.980000000001,14999.99,38911.08005427408
2026-08-12T04:00:00+00:00,14999.99,15020.99,14947.980000000001,14980.49,22522
2026-08-12T08:00:00+00:00,14980.49,15007.009999999998,14977.99,15005.009999999998,2647.993044988704
2026-08-12T12:00:00+00:00,15005.009999999998,15038.009999999998,14999.499999999998,15027.509999999998,6457.442317085581
2026-08-12T16:00:00+00:00,15027.509999999998,15035.509999999998,15022.99,15027.99,1788.889917320762
2026-08-12T20:00:00+00:00,15027.99,15036.009999999998,15027.509999999998,15033.509999999998,209.7310568109486
2026-08-13T00:00:00+00:00,15033.509999999998,15140.72,15014.71,15110.71,38603.58040659863
2026-08-13T04:00:00+00:00,15110.71,15151.22,14959.72,14989.23,24725
2026-08-13T08:00:00+00:00,14989.23,14996.23,14975.71,14992.73,2217.389891696751
2026-08-13T12:00:00+00:00,14992.73,15018.23,14983.21,14994.71,4747
2026-08-13T16:00:00+00:00,14994.71,15006.23,14990.21,14990.21,1992.580757826714
2026-08-13T20:00:00+00:00,14990.21,14997.73,14989.22,14996.21,154.76599172958652
2026-08-14T00:00:00+00:00,14996.21,15032.64,14894.119999999999,14954.119999999999,39152.15918712955
2026-08-14T04:00:00+00:00,14954.119999999999,14966.119999999999,14884.119999999999,14932.14,22906
2026-08-14T08:00:00+00:00,14932.14,14946.64,14915.64,14942.64,2254.6145788958565
2026-08-14T12:00:00+00:00,14942.64,14956.64,14927.619999999999,14931.64,4594.414293262456
2026-08-14T16:00:00+00:00,14931.64,14934.14,14915.619999999999,14925.63,2171.5855490438394
2026-08-14T20:00:00+00:00,14925.63,14927.14,14924.119999999999,14924.63,99.9026723754248
2026-08-17T00:00:00+00:00,14924.63,15047.47,14910.949999999999,15041.449999999999,32263.361396303902
2026-08-17T04:00:00+00:00,15041.449999999999,15187.949999999999,15017.97,15151.449999999999,21083.055319950996
2026-08-17T08:00:00+00:00,15151.449999999999,15156.97,15133.47,15141.47,2507.6580331428913
2026-08-17T12:00:00+00:00,15141.47,15149.46,15115.449999999999,15147.96,3109
2026-08-17T16:00:00+00:00,15147.96,15151.47,15127.96,15132.47,1920.5803740127471
2026-08-17T20:00:00+00:00,15132.47,15137.449999999999,15130.46,15130.949999999999,110.9260221446724
2026-08-18T00:00:00+00:00,15130.949999999999,15166.81,14988.31,15014.81,27715.486215538847
2026-08-18T04:00:00+00:00,15014.81,15110.81,14998.3,15089.3,16127.79458806961
2026-08-18T08:00:00+00:00,15089.3,15096.8,15073.8,15095.3,2930.0186564457554
2026-08-18T12:00:00+00:00,15095.3,15106.31,15042.289999999999,15067.3,6258
2026-08-18T16:00:00+00:00,15067.3,15068.31,15039.789999999999,15043.3,2338.2398137369037
2026-08-18T20:00:00+00:00,15043.3,15044.31,15039.289999999999,15041.31,121.80056888004738
2026-08-19T00:00:00+00:00,15041.31,15042.31,14751.019999999999,14786.019999999999,41627.87945879459
2026-08-19T04:00:00+00:00,14786.019999999999,14787.039999999999,14659.519999999999,14736.029999999999,31070
2026-08-19T08:00:00+00:00,14736.029999999999,14751.039999999999,14730.519999999999,14746.019999999999,2451.0276568277754
2026-08-19T12:00:00+00:00,14746.019999999999,14827.019999999999,14743.019999999999,14789.039999999999,7468.740471869329
2026-08-19T16:00:00+00:00,14789.039999999999,14797.529999999999,14775.029999999999,14783.029999999999,2580
2026-08-19T20:00:00+00:00,14783.029999999999,14795.539999999999,14783.029999999999,14795.529999999999,128.5908311373286
2026-08-20T00:00:00+00:00,14795.529999999999,14816.67,14686.67,14724.689999999999,33035.86548846343
2026-08-20T04:00:00+00:00,14724.689999999999,14748.189999999999,14620.18,14664.68,21541
2026-08-20T08:00:00+00:00,14664.68,14688.189999999999,14653.68,14662.17,3426
2026-08-20T12:00:00+00:00,14662.17,14706.189999999999,14639.17,14685.189999999999,8651
2026-08-20T16:00:00+00:00,14685.189999999999,14702.189999999999,14677.67,14701.17,2716.097660186999
2026-08-20T20:00:00+00:00,14701.17,14705.17,14700.17,14703.17,135.10693272792886
2026-08-21T00:00:00+00:00,14703.17,14866.88,14663.859999999999,14817.88,36266.92123845736
2026-08-21T04:00:00+00:00,14817.88,14850.859999999999,14773.859999999999,14833.869999999999,19319
2026-08-21T08:00:00+00:00,14833.869999999999,14843.859999999999,14818.359999999999,14830.869999999999,2482.6757917337627
2026-08-21T12:00:00+00:00,14830.869999999999,14839.88,14799.859999999999,14815.359999999999,5572.909259259259
2026-08-21T16:00:00+00:00,14815.359999999999,14824.88,14809.88,14818.359999999999,2321.3064902057413
2026-08-21T20:00:00+00:00,14818.359999999999,14818.88,14812.859999999999,14812.859999999999,121.937058080908
2026-08-24T00:00:00+00:00,14815.3,14854.33,14628.31,14656.32,44416
2026-08-24T04:00:00+00:00,14656.32,14669.32,14538.32,14647.83,24485
2026-08-24T08:00:00+00:00,14647.83,14658.81,14627.32,14648.33,3009
2026-08-24T12:00:00+00:00,14648.33,14656.33,14602.83,14626.31,7050
2026-08-24T16:00:00+00:00,14626.31,14635.32,14611.31,14622.32,3363
2026-08-24T20:00:00+00:00,14622.32,14624.31,14617.81,14624.31,121
2026-08-25T00:00:00+00:00,14624.31,14639.03,14541.04,14592.05,38036
2026-08-25T04:00:00+00:00,14592.05,14687.04,14572.04,14612.53,24590
2026-08-25T08:00:00+00:00,14612.53,14651.05,14607.03,14647.559999999998,3239
2026-08-25T12:00:00+00:00,14647.559999999998,14658.05,14625.03,14653.54,4740
2026-08-25T16:00:00+00:00,14653.54,14659.04,14648.03,14652.05,1817
2026-08-25T20:00:00+00:00,14652.05,14654.55,14649.53,14653.54,105
2026-08-26T00:00:00+00:00,14653.54,14837.73,14579.73,14763.73,41271
2026-08-26T04:00:00+00:00,14763.73,14805.21,14727.21,14753.23,21631
2026-08-26T08:00:00+00:00,14753.23,14765.23,14745.71,14754.71,1840
2026-08-26T12:00:00+00:00,14754.71,14760.23,14729.71,14741.21,4135
2026-08-26T16:00:00+00:00,14741.21,14747.73,14734.21,14742.199999999999,1485
2026-08-26T20:00:00+00:00,14742.199999999999,14745.21,14732.72,14737.71,468
2026-08-27T00:00:00+00:00,14737.71,14823.66,14731.15,14789.65,36527
2026-08-27T04:00:00+00:00,14789.65,14859.66,14759.65,14833.16,14980
2026-08-27T08:00:00+00:00,14833.16,14847.66,14797.65,14803.14,1665
2026-08-27T12:00:00+00:00,14803.14,14820.65,14771.16,14817.66,4497
2026-08-27T16:00:00+00:00,14817.66,14822.65,14784.64,14804.16,2028
2026-08-27T20:00:00+00:00,14804.16,14804.66,14783.64,14789.14,85
2026-08-28T00:00:00+00:00,14789.14,14849.49,14705.51,14795.49,31160
2026-08-28T04:00:00+00:00,14795.49,14803.51,14732.99,14763.49,16754
2026-08-28T08:00:00+00:00,14763.49,14783.5,14755.99,14783,1649
2026-08-28T12:00:00+00:00,14783,14792,14727.99,14728.51,6086
2026-08-28T16:00:00+00:00,14728.51,14732.49,14712,14725.5,4044
2026-08-28T20:00:00+00:00,14725.5,14725.5,14721.49,14724.01,107
2026-08-31T00:00:00+00:00,14724.01,14724.01,14518.5,14633.51,35199
2026-08-31T04:00:00+00:00,14633.51,14770.01,14630.5,14741.99,18415
2026-08-31T08:00:00+00:00,14741.99,14756.99,14728.49,14751,1682
2026-08-31T12:00:00+00:00,14751,14761.01,14725.99,14728,3926
2026-08-31T16:00:00+00:00,14728,14734,14716.49,14723.51,1823
2026-08-31T20:00:00+00:00,14723.51,14733.51,14723.51,14733.49,119
2026-09-01T00:00:00+00:00,14733.49,14782.01,14691.99,14777.5,30304
2026-09-01T04:00:00+00:00,14777.5,14874,14756,14786.49,24206
2026-09-01T08:00:00+00:00,14786.49,14800.01,14741.49,14747.99,3585
2026-09-01T12:00:00+00:00,14747.99,14788.01,14742.99,14773,4326
2026-09-01T16:00:00+00:00,14773,14775.01,14721.99,14738,3350
2026-09-01T20:00:00+00:00,14738,14740.01,14734,14735,147
2026-09-02T00:00:00+00:00,14735,14735,14502.49,14549.01,33574
2026-09-02T04:00:00+00:00,14549.01,14634.01,14534.99,14587.51,19289
2026-09-02T08:00:00+00:00,14587.51,14594.01,14555.01,14590.99,3147
2026-09-02T12:00:00+00:00,14590.99,14624.51,14583,14616,4518
2026-09-02T16:00:00+00:00,14616,14627.51,14611,14616.49,2019
2026-09-02T20:00:00+00:00,14616.49,14617.01,14612.99,14616.5,129
2026-09-03T00:00:00+00:00,14616.5,14711.5,14600.5,14642.99,28094
2026-09-03T04:00:00+00:00,14642.99,14644.01,14519.49,14560,20095
2026-09-03T08:00:00+00:00,14560,14572,14545.49,14556.5,2341
2026-09-03T12:00:00+00:00,14556.5,14613.01,14555.49,14607.99,5119
2026-09-03T16:00:00+00:00,14607.99,14638,14605.99,14623,1725
2026-09-03T20:00:00+00:00,14623,14627.01,14622.49,14626,93
2026-09-04T00:00:00+00:00,14626,14782.09,14601.59,14685.59,29160
2026-09-04T04:00:00+00:00,14685.59,14757.09,14585.6,14648.6,23720
2026-09-04T08:00:00+00:00,14648.6,14668.1,14645.09,14666.59,1830
2026-09-04T12:00:00+00:00,14666.59,14707.08,14631.58,14702.6,6031
2026-09-04T16:00:00+00:00,14702.6,14710.1,14685.08,14704.1,1895
2026-09-04T20:00:00+00:00,14704.1,14705.1,14699.58,14702.09,113
2026-09-07T00:00:00+00:00,14702.09,14751.65,14583.67,14628.67,33862
2026-09-07T04:00:00+00:00,14628.67,14705.17,14620.65,14663.66,17436
2026-09-07T08:00:00+00:00,14663.66,14664.67,14628.15,14628.65,2099
2026-09-07T12:00:00+00:00,14628.65,14651.66,14624.66,14648.66,1459
2026-09-07T16:00:00+00:00,14648.66,14653.67,14646.65,14651.17,570
2026-09-07T20:00:00+00:00,14651.17,14652.66,14647.17,14648.17,90
2026-09-08T00:00:00+00:00,14648.17,14723.77,14615.78,14653.77,32450
2026-09-08T04:00:00+00:00,14653.77,14655.79,14536.27,14566.77,18266
2026-09-08T08:00:00+00:00,14566.77,14585.78,14547.27,14578.79,2474
2026-09-08T12:00:00+00:00,14578.79,14590.78,14557.77,14582.27,3962
2026-09-08T16:00:00+00:00,14582.27,14601.79,14568.27,14584.29,2516
2026-09-08T20:00:00+00:00,14584.29,14585.77,14576.27,14584.29,173
2026-09-09T00:00:00+00:00,14584.29,14660.85,14564.34,14606.85,29001
2026-09-09T04:00:00+00:00,14606.85,14695.84,14568.84,14660.84,19479
2026-09-09T08:00:00+00:00,14660.84,14673.35,14613.85,14620.83,3317
2026-09-09T12:00:00+00:00,14620.83,14646.85,14600.83,14609.85,4876
2026-09-09T16:00:00+00:00,14609.85,14619.85,14598.83,14606.85,2080
2026-09-09T20:00:00+00:00,14606.85,14608.85,14605.33,14608.35,104
2026-09-10T00:00:00+00:00,14608.35,14664.48,14496.98,14615.99,30722
2026-09-10T04:00:00+00:00,14615.99,14644.98,14580.99,14599.49,13821
2026-09-10T08:00:00+00:00,14599.49,14600,14559.98,14560.5,1966
2026-09-10T12:00:00+00:00,14560.5,14563,14509.98,14511,6432
2026-09-10T16:00:00+00:00,14511,14519.99,14496.99,14500.99,2107
2026-09-10T20:00:00+00:00,14500.99,14509.5,14499.98,14508,132
2026-09-11T00:00:00+00:00,14508,14524.45,14363.45,14436.45,40832
2026-09-11T04:00:00+00:00,14436.45,14546.47,14434.45,14517.95,26241
2026-09-11T08:00:00+00:00,14517.95,14535.96,14505.46,14515.46,2084
2026-09-11T12:00:00+00:00,14515.46,14542.97,14485.47,14532.46,5539
2026-09-11T16:00:00+00:00,14532.46,14538.46,14510.45,14512.46,1671
2026-09-11T20:00:00+00:00,14512.46,14513.47,14508.45,14510.47,87
2026-09-14T00:00:00+00:00,14510.47,14510.47,14383.98,14465.49,32569
2026-09-14T04:00:00+00:00,14465.49,14473.47,14400.49,14440.99,14823
2026-09-14T08:00:00+00:00,14440.99,14445.48,14410.97,14431.47,1930
2026-09-14T12:00:00+00:00,14431.47,14443.99,14409.97,14433.47,5253
2026-09-14T16:00:00+00:00,14433.47,14451.99,14425.97,14426.98,2079
2026-09-14T20:00:00+00:00,14426.98,14431.99,14425.97,14430.99,141
2026-09-15T00:00:00+00:00,14430.99,14460.89,14346.38,14402.88,26152
2026-09-15T04:00:00+00:00,14402.88,14404.89,14253.37,14268.88,18232
2026-09-15T08:00:00+00:00,14268.88,14306.39,14256.37,14302.37,1781
2026-09-15T12:00:00+00:00,14302.37,14314.39,14278.88,14291.37,3121
2026-09-15T16:00:00+00:00,14291.37,14305.39,14287.39,14293.37,1347
2026-09-15T20:00:00+00:00,14293.37,14302.39,14293.37,14300.87,128
2026-09-16T00:00:00+00:00,14300.87,14387.06,14184.58,14367.58,30298
2026-09-16T04:00:00+00:00,14367.58,14403.56,14311.58,14380.58,17932
2026-09-16T08:00:00+00:00,14380.58,14381.58,14352.56,14375.58,2259
2026-09-16T12:00:00+00:00,14375.58,14382.06,14355.08,14362.58,2926
2026-09-16T16:00:00+00:00,14362.58,14381.07,14275.07,14314.58,9292
2026-09-16T20:00:00+00:00,14314.58,14321.56,14313.56,14315.07,207
2026-09-17T00:00:00+00:00,14315.07,14410.94,14297.43,14348.43,29423
2026-09-17T04:00:00+00:00,14348.43,14365.44,14285.44,14318.93,14343
2026-09-17T08:00:00+00:00,14318.93,14333.45,14311.43,14332.45,1804
2026-09-17T12:00:00+00:00,14332.45,14362.45,14323.95,14361.45,3771
2026-09-17T16:00:00+00:00,14361.45,14372.44,14349.44,14349.44,1670
2026-09-17T20:00:00+00:00,14349.44,14353.95,14349.44,14352.44,71
2026-09-18T00:00:00+00:00,14352.44,14465.94,14352.44,14452.43,30734
2026-09-18T04:00:00+00:00,14452.43,14527.43,14417.44,14450.94,15404
2026-09-18T08:00:00+00:00,14450.94,14476.92,14448.42,14450.93,3704
2026-09-18T12:00:00+00:00,14450.93,14456.93,14430.42,14431.43,3931
2026-09-18T16:00:00+00:00,14431.43,14469.42,14424.94,14466.42,1485
2026-09-18T20:00:00+00:00,14466.42,14469.93,14465.42,14469.93,123
2026-09-21T00:00:00+00:00,14469.93,14573.41,14454.89,14511.41,27679
2026-09-21T04:00:00+00:00,14511.41,14602.4,14452.41,14595.39,16203
2026-09-21T08:00:00+00:00,14595.39,14616.4,14595.39,14613.89,1634
2026-09-21T12:00:00+00:00,14613.89,14629.41,14597.4,14618.9,3268
2026-09-21T16:00:00+00:00,14618.9,14655.91,14617.41,14647.91,1886
2026-09-21T20:00:00+00:00,14647.91,14648.41,14642.39,14645.4,104
2026-09-22T00:00:00+00:00,14645.4,14784.02,14643.52,14691.52,27643
2026-09-22T04:00:00+00:00,14691.52,14695.04,14624.02,14645.03,18763
2026-09-22T08:00:00+00:00,14645.03,14679.04,14635.52,14665.52,4092
2026-09-22T12:00:00+00:00,14665.52,14702.04,14663.53,14675.04,4440
2026-09-22T16:00:00+00:00,14675.04,14703.03,14671.52,14696.02,1890
2026-09-22T20:00:00+00:00,14696.02,14697.52,14693.03,14694.04,107
2026-09-23T00:00:00+00:00,14694.04,14698.14,14576.14,14580.12,11837
